filename,creator,source_url,license,license_url,modifications,title,retrieval_date,sha256,training_status
3665434251_8c23bfe37e_o.jpg,King....,https://www.flickr.com/photos/kinglomo/3665434251/,CC BY 2.0,https://creativecommons.org/licenses/by/2.0/,none to source file; training preprocessing may resize and/or crop,Kilkenny in The Wrong Glass,2026-09-18,a808f3c54408114ee2255081eeb58fae615f8c6af931ea478369b7b0e19f5509,approved-attribution-required
StockSnap_PROXEBKRSP.jpg,Suzy Hazelwood,https://stocksnap.io/photo/strawberry-food-PROXEBKRSP,CC0 1.0,https://creativecommons.org/publicdomain/zero/1.0/,none to source file; training preprocessing may resize and/or crop,Strawberry Food,2026-09-18,2962a5bd9d3fbbd4b71ccc96ff42b293157a091b3b80b3a6e5f55fa211fd19c4,approved-no-attribution-required
StockSnap_NKJCDSIIRB.jpg,Suzy Hazelwood,https://stocksnap.io/photo/fruit-oranges-NKJCDSIIRB,CC0 1.0,https://creativecommons.org/publicdomain/zero/1.0/,none to source file; training preprocessing may resize and/or crop,Fruit Oranges,2026-09-18,63fc92170808f548b21086bf3a67624f59913438b3b4eb59d82b54eb53003c90,approved-no-attribution-required
StockSnap_SCRJFFD2TZ.jpg,Flat Lay Photos,https://stocksnap.io/photo/flatlay-honey-SCRJFFD2TZ,CC0 1.0,https://creativecommons.org/publicdomain/zero/1.0/,none to source file; training preprocessing may resize and/or crop,Flat Lay Honey,2026-09-18,96f3538b9cd98ada158ca4b25a69205bc68719469cf39f137f5106a42d421142,approved-no-attribution-required
PXL_20250718_052316657.MP.jpg,Chadwick Casper,,Owner-provided; all rights reserved,,none to source file; training preprocessing may resize and/or crop,PXL_20250718_052316657,2026-09-18,4815b85ffe397e67d9b7d8e10ca68a16757c71efa451f64415f4f82d07d54458,approved-owner-authorized
PXL_20250816_201312842.MP.jpg,Chadwick Casper,,Owner-provided; all rights reserved,,none to source file; training preprocessing may resize and/or crop,PXL_20250816_201312842,2026-09-18,dd8917e9ffcebf74b8f8ebb01280852f9ab7505fdac6c33b0943b38c0effd3ac,approved-owner-authorized
PXL_20250816_203428719.MP.jpg,Chadwick Casper,,Owner-provided; all rights reserved,,none to source file; training preprocessing may resize and/or crop,PXL_20250816_203428719,2026-09-18,d1558c4bd563bb6cc58c5fdee9679c481984c8b0aa93977a7bcef4f75f59f692,approved-owner-authorized
PXL_20251004_023253430.MP.jpg,Chadwick Casper,,Owner-provided; all rights reserved,,none to source file; training preprocessing may resize and/or crop,PXL_20251004_023253430,2026-09-18,afe8a4dff222ab1abb2d6d051d46783a006b5ea7aa26584e88874ccedcaec454,approved-owner-authorized
PXL_20260705_153618396.MP.jpg,Chadwick Casper,,Owner-provided; all rights reserved,,none to source file; training preprocessing may resize and/or crop,PXL_20260705_153618396,2026-09-18,da55346e11a848f153b819120fb4980b846f45950d8839d696919a9c6fd1bb52,approved-owner-authorized
10141317556_3406a6beaf_o.jpg,GoToVan,https://www.flickr.com/photos/gotovan/10141317556/,CC BY 2.0,https://creativecommons.org/licenses/by/2.0/,none to source file; training preprocessing may resize and/or crop,Latte Art World Championship @ Coffee Fest Seattle 2013,2026-09-18,8bd61de543a0e33141bfaf9a88d0d41fac4afff89362a3a8685b5a9882815fab,approved-attribution-required
105527607_618a976de7_o.jpg,Luigi Anzivino,https://www.flickr.com/photos/ilmungo/105527607/,CC BY-NC-SA 2.0,https://creativecommons.org/licenses/by-nc-sa/2.0/,none to source file; training preprocessing may resize and/or crop,Fresh Tuna and Radish Salad with Wasabi Dressing,2026-09-20,c1345f102b00e12680e3692d4f1fc23fa47535e21328ca44b89a795236c91b6c,approved-noncommercial-sharealike
12284700334_f5945580f8_o.jpg,free range jace,https://www.flickr.com/photos/strausser/12284700334/,CC BY-NC 2.0,https://creativecommons.org/licenses/by-nc/2.0/,none to source file; training preprocessing may resize and/or crop,DSC08786.jpg,2026-09-20,cb6d04ea61cdd4d263e8b38eee184347a9d65a2fbbeb9390d346c628143aac18,approved-noncommercial-attribution-required
13187362234_ebefbfa014_o.jpg,Dawid Cedler,https://www.flickr.com/photos/cdcobra/13187362234/,CC BY-SA 2.0,https://creativecommons.org/licenses/by-sa/2.0/,none to source file; distributed adaptations must retain the same license,Sushi day,2026-09-18,466146b4dac0bbeb8502cad6f2523e11731229613fe43dffd01e6e4de0a8dfe9,conditional-sharealike
14164354412_c273356af5_o.jpg,MikoFox,https://www.flickr.com/photos/mikofox/14164354412/,CC BY-NC-SA 2.0,https://creativecommons.org/licenses/by-nc-sa/2.0/,none to source file; training preprocessing may resize and/or crop,Latte Lake,2026-09-18,005e9ece3bae900a816c310a929f00a966fca024ebda5a92bd23eeec940a58de,approved-noncommercial-sharealike
15380313960_e66eb83b69_o.jpg,Tjarko Busink,https://www.flickr.com/photos/sjekkiebunzing/15380313960/,CC BY-NC 2.0,https://creativecommons.org/licenses/by-nc/2.0/,none to source file; training preprocessing may resize and/or crop,Our house in a wine glass,2026-09-18,fa3e8052c8de5ed9ac46672439c64c65e351ede1b81c61d369f7eeebf8ff19a9,approved-noncommercial-attribution-required
16718295295_e72e00ba5a_o.jpg,Jasmine Halki,https://www.flickr.com/photos/120420083@N05/16718295295/,CC BY 2.0,https://creativecommons.org/licenses/by/2.0/,none to source file; training preprocessing may resize and/or crop,Fasting food,2026-09-18,446373fa300655d540de6982d355bb4ebcaa0b1ec4d2167e7a41682b94a38785,approved-attribution-required
16976422189_eb49c9db10_o.jpg,Edsel Little,https://www.flickr.com/photos/edsel_/16976422189/,CC BY-SA 2.0,https://creativecommons.org/licenses/by-sa/2.0/,none to source file; distributed adaptations must retain the same license,Dinner in the Dark 46 - Dessert,2026-09-18,4446c016b55b24bab646a5b4fc023cb2d76a4b7efc24f97340b1c8aed195f93a,conditional-sharealike
189505984_261d40d77e_o.jpg,Paolo Signorini,https://www.flickr.com/photos/or_slurm/189505984/,CC BY-NC 2.0,https://creativecommons.org/licenses/by-nc/2.0/,none to source file; training preprocessing may resize and/or crop,Scottish breakfast 2,2026-09-18,767e4dd589d17250345a346604d688efe953e5aab91f71752bed2846ee25da09,approved-noncommercial-attribution-required
19606928322_7fd63d9fd6_o.jpg,Image Catalog,https://www.flickr.com/photos/image-catalog/19606928322/,CC0 1.0,https://creativecommons.org/publicdomain/zero/1.0/,none to source file; training preprocessing may resize and/or crop,Dining Table with Food on Plate and Wine Glasses,2026-09-20,8a5474362e0c0b625fc000228d6fa12c2403a1692d685f00a368d660b806ccc6,approved-no-attribution-required
1998264020_9f6d5f45a2_o.jpg,Adam Baker,https://www.flickr.com/photos/atbaker/1998264020/,CC BY 2.0,https://creativecommons.org/licenses/by/2.0/,none to source file; training preprocessing may resize and/or crop,Ingredients,2026-09-18,23cfba96035a2261441d15f9319096f5aec126b65027d264d9ef7c4d19869fb9,approved-attribution-required
23116257700_1785cd8f22_o.jpg,WineCountry Media,https://www.flickr.com/photos/winecountrymedia/23116257700/,CC BY 2.0,https://creativecommons.org/licenses/by/2.0/,none to source file; training preprocessing may resize and/or crop,Empty courtyard with marble tables and metal chairs,2026-09-20,915e6228ad43e7aaf88d93dcd66fe7fe8d41edb89bf6eb7a782aa467bfc36982,approved-attribution-required
23842522251_45785f1dea_o.jpg,Thank You (25 Millions ) views,https://www.flickr.com/photos/prayitnophotography/23842522251/,CC BY 2.0,https://creativecommons.org/licenses/by/2.0/,none to source file; training preprocessing may resize and/or crop,Cruise Port,2026-09-18,e19d43bf6c1e0fa61be8eb64100f35c410352c6aabae67a079890a02b664979b,approved-attribution-required
24488285392_d1c8715e9d_o.jpg,ChrisGoldNY,https://www.flickr.com/photos/chrisgold/24488285392/,CC BY-NC 2.0,https://creativecommons.org/licenses/by-nc/2.0/,none to source file; training preprocessing may resize and/or crop,"Chicken at Viñamar - Casablanca, Chile",2026-09-20,1584021eb62e7513bd177598e7e42f471409843b282835aa96ff3410fee2f4d0,approved-noncommercial-attribution-required
30915198868_b7f246e40e_o.jpg,Nourish Scotland,https://www.flickr.com/photos/148401948@N08/30915198868/,CC BY-NC 2.0,https://creativecommons.org/licenses/by-nc/2.0/,none to source file; training preprocessing may resize and/or crop,Nourish Scotland conference,2026-09-18,34fe1a73631943e65d7f91e026f1f5a5b9fb40ba22b3ad641978a2f32d3366b7,approved-noncommercial-attribution-required
3519047818_6efcb285da_o.jpg,bareform,https://www.flickr.com/photos/bareform/3519047818/,CC BY-SA 2.0,https://creativecommons.org/licenses/by-sa/2.0/,none to source file; distributed adaptations must retain the same license,Noodle Lunch,2026-09-20,8080ea89f854d4ae4e1910a55cdd2a9cf1b827d1ccbe77803de1f04c023bd730,conditional-sharealike
3570035951_b5e9b9e5f7_o.jpg,jwalsh,https://www.flickr.com/photos/jwalsh_/3570035951/,CC BY 2.0,https://creativecommons.org/licenses/by/2.0/,none to source file; training preprocessing may resize and/or crop,IMG_5770.JPG,2026-09-18,dd8eb9b4adc046bb14d5839f6d84e7b7c6b741e64826773ecfeebf8c3efee0c7,approved-attribution-required
35840700846_6394bdd36f_o.jpg,Jaume Escofet,https://www.flickr.com/photos/jaumescar/35840700846/,CC BY-NC-SA 2.0,https://creativecommons.org/licenses/by-nc-sa/2.0/,none to source file; training preprocessing may resize and/or crop,London,2026-09-18,34a94b6ec196c94050724fd98bdf8f3cb47df86f85f2f34658f6ae850fb27cdb,approved-noncommercial-sharealike
3650601116_a3eaa0459d_o.jpg,Alpha,https://www.flickr.com/photos/avlxyz/3650601116/,CC BY-SA 2.0,https://creativecommons.org/licenses/by-sa/2.0/,none to source file; distributed adaptations must retain the same license,"Eel - Makoto, Sydney AUD3.60",2026-09-20,ff0125a78ccf79b68fccc812101e02dae5f07d4231413b5fa2cca035e1cbe869,conditional-sharealike
3983575454_6f39abff2b_o.jpg,jules,https://www.flickr.com/photos/stone-soup/3983575454/,CC BY 2.0,https://creativecommons.org/licenses/by/2.0/,none to source file; training preprocessing may resize and/or crop,vegetarian empanadas,2026-09-20,2ae4080c99f9b12eb6797ed4ff6df4f088dcfc0c403079ae0ded1915678b91dc,approved-attribution-required
4347329846_7d5cfc4106_o.jpg,Lee Davenport,https://www.flickr.com/photos/leedav/4347329846/,CC BY-NC 2.0,https://creativecommons.org/licenses/by-nc/2.0/,none to source file; training preprocessing may resize and/or crop,Not common at all.,2026-09-18,6175fc115f7989bcd3310258e29a08d6ca1df570bad459f71e8ffed74f9fc110,approved-noncommercial-attribution-required
45528642384_c2864822e9_o.jpg,Free Public Domain Illustrations by rawpixel,https://www.flickr.com/photos/vintage_illustration/45528642384/,CC BY 2.0,https://creativecommons.org/licenses/by/2.0/,none to source file; training preprocessing may resize and/or crop,"Modern Diner, Pawtucket, Rhode Island. Original image from Carol M. Highsmith’s America, Library of Congress collection. Digitally enhanced by rawpixel.",2026-09-20,9f003c916a7eab0eed2ea20be1d12182208803d4bf71fa27e74ceb6a14cf14b8,approved-attribution-required
45539849741_7da4bc91a0_o.jpg,Receitasparatodososdias,https://www.flickr.com/photos/100127130@N05/45539849741/,CC BY-SA 2.0,https://creativecommons.org/licenses/by-sa/2.0/,none to source file; distributed adaptations must retain the same license,Biscoitos de arroz,2026-09-18,b3b258b8579c189028ea0dedc3b66f57e6a6658d7756409370239b87774a05c6,conditional-sharealike
4663091455_b5734eb0bf_o.jpg,mooglet,https://www.flickr.com/photos/mooglet/4663091455/,CC BY-SA 2.0,https://creativecommons.org/licenses/by-sa/2.0/,none to source file; distributed adaptations must retain the same license,The Oreo Donut,2026-09-18,7c4786580757b6fe4b43f93779b01ea57eacda4c7f63498580358c840cb5a1ee,conditional-sharealike
4783752333_d772608091_o.jpg,pollyalida,https://www.flickr.com/photos/pollyalida/4783752333/,CC BY-NC-SA 2.0,https://creativecommons.org/licenses/by-nc-sa/2.0/,none to source file; training preprocessing may resize and/or crop,Indulging in southern peaches,2026-09-20,2e7f0065d12dec39e2eedfbaf2c7dca8eb583503394221a67958eff1a46bfab6,approved-noncommercial-sharealike
48089352857_ffac97e32d_o.jpg,Peter Rowley,https://www.flickr.com/photos/haemengine/48089352857/,CC BY-NC 2.0,https://creativecommons.org/licenses/by-nc/2.0/,none to source file; training preprocessing may resize and/or crop,ready to eat,2026-09-20,968cb19021082f824eca8f26e2404cc070bfb5084d257ce67c3603179cf97046,approved-noncommercial-attribution-required
4847805597_fbb7b3f01f_o.jpg,stu_spivack,https://www.flickr.com/photos/stuart_spivack/4847805597/,CC BY-SA 2.0,https://creativecommons.org/licenses/by-sa/2.0/,none to source file; distributed adaptations must retain the same license,ricotta dessert,2026-09-18,d73590eab1a1873286ace393b1221e7fa35b3bdac54be1c53d31a85ea2e7a70a,conditional-sharealike
48821253626_a10bc5a6a9_o.jpg,ChrisGoldNY,https://www.flickr.com/photos/chrisgold/48821253626/,CC BY-NC 2.0,https://creativecommons.org/licenses/by-nc/2.0/,none to source file; training preprocessing may resize and/or crop,"Sushi at 242 Cafe Fusion Sushi - Laguna Beach, California",2026-09-20,8eb68ca6189c7c8074b8203c2830f041fcf2b66a0aacf745708e45ebd1e1c6ba,approved-noncommercial-attribution-required
49139345791_4a06fa0414_o.jpg,Ted McGrath,https://www.flickr.com/photos/time-to-look/49139345791/,CC BY-NC-SA 2.0,https://creativecommons.org/licenses/by-nc-sa/2.0/,none to source file; training preprocessing may resize and/or crop,2019 - Mexico - Morelia - 6 - Restaurante La Conspiracion de 1809,2026-09-18,f9c3286fe33823223378cbc8dc86a425482d04e6a6929ad703e8e02880ecb7ab,approved-noncommercial-sharealike
4993047212_b0808a3587_o.jpg,Diego Iaconelli,https://www.flickr.com/photos/diegoiaconelli/4993047212/,CC BY-NC-SA 2.0,https://creativecommons.org/licenses/by-nc-sa/2.0/,none to source file; training preprocessing may resize and/or crop,Breakfast,2026-09-20,3d7c9d2376821164fb5d0bff2d19701ece8c95000d076d87ffff15f7a694e577,approved-noncommercial-sharealike
52403450818_533080b08f_o.jpg,Bryan Costin,https://www.flickr.com/photos/bcostin/52403450818/,CC BY-NC-SA 2.0,https://creativecommons.org/licenses/by-nc-sa/2.0/,none to source file; training preprocessing may resize and/or crop,Corner Table,2026-09-20,36eac6fd1a19c3434c72c0d39c07f7b866aa5cec074de57855f7367f378435e9,approved-noncommercial-sharealike
5289545184_1c5e9c8ee4_o.jpg,QUOI Media Group,https://www.flickr.com/photos/quoimedia/5289545184/,CC BY-SA 2.0,https://creativecommons.org/licenses/by-sa/2.0/,none to source file; distributed adaptations must retain the same license,Marlene's Christmas Soup (Caldo Verde),2026-09-20,143207eab734412237ce1b2749ed5d37ab2773fe54980de039bdc67b4e5c29f0,conditional-sharealike
53054019117_284950c654_o.jpg,Jim Nix,https://www.flickr.com/photos/jimnix/53054019117/,CC BY-NC-SA 2.0,https://creativecommons.org/licenses/by-nc-sa/2.0/,none to source file; training preprocessing may resize and/or crop,Dinner at Chelsea Market,2026-09-18,deae459c2a0b6e0cf6ca221e83cba61c653804ca4d308d69f598710759991666,approved-noncommercial-sharealike
53284561304_55ec6aa107_o.jpg,Digna Aisya,https://www.flickr.com/photos/199090088@N08/53284561304/,CC BY 2.0,https://creativecommons.org/licenses/by/2.0/,none to source file; training preprocessing may resize and/or crop,Gindara Steak,2026-09-20,c1037c6ce1526e4896bab30b037f48e52ca0f0f9213d15420bb55944ba1df88e,approved-attribution-required
54537455538_31bc7d135b_o.jpg,Nenad Stojkovic,https://www.flickr.com/photos/202846129@N03/54537455538/,CC BY 2.0,https://creativecommons.org/licenses/by/2.0/,none to source file; training preprocessing may resize and/or crop,Delicious grilled skewers served on a slate with green sauce and carrots next to a creamy dip,2026-09-20,18ba0f591f1810948cd86bbdf3be38d3337f178104a85c5f6290854172b953ea,approved-attribution-required
54633970245_12d10d3c4d_o.jpg,Pattaya Patrol,https://www.flickr.com/photos/pattayapatrol/54633970245/,CC BY-SA 4.0,https://creativecommons.org/licenses/by-sa/4.0/,none to source file; distributed adaptations must retain the same license,"DFC_0765: Colorful stir-fry with baby corn, cashews, and fresh greens, garnished with an edible purple orchid.",2026-09-20,30255c4613ff12417b338b45cc764f7a4d2d78ef9230c07e771a5e1e91d74aa7,conditional-sharealike
55155000552_724f3bd663_o.jpg,Samuel and Audrey Media Network,https://www.flickr.com/photos/samuelandaudreymedianetwork/55155000552/,CC BY-NC 4.0,https://creativecommons.org/licenses/by-nc/4.0/,none to source file; training preprocessing may resize and/or crop,Macro Photography of Traditional Argentine Dessert with Dulce de Leche in Península Valdés,2026-09-20,d7f80291635c124c9213edcc2f58bed018cff16fef84d253bf6b50a96e7ec41e,approved-noncommercial-attribution-required
55159005620_e333256054_o.jpg,Samuel and Audrey Media Network,https://www.flickr.com/photos/samuelandaudreymedianetwork/55159005620/,CC BY-NC 4.0,https://creativecommons.org/licenses/by-nc/4.0/,none to source file; training preprocessing may resize and/or crop,Abundant Seafood Paella Served on a Sizzling Iron Platter in Puerto Madryn Argentina Coastal,2026-09-20,f89b406c719b36c63506f9c6bd77963f092e8af5c44110589435f42c2cad7f58,approved-noncommercial-attribution-required
55159852771_8e3a71e863_o.jpg,Samuel and Audrey Media Network,https://www.flickr.com/photos/samuelandaudreymedianetwork/55159852771/,CC BY-NC 4.0,https://creativecommons.org/licenses/by-nc/4.0/,none to source file; training preprocessing may resize and/or crop,Vibrant Seafood Medley Featuring Fresh Shrimp and Herbs at Feria Masticar in Mar Plata,2026-09-20,06595bc07a731e7db11142a1eb55402ce3d985942737166d41bbb4273b58116b,approved-noncommercial-attribution-required
55177905037_091326d4c4_o.jpg,Samuel and Audrey Media Network,https://www.flickr.com/photos/samuelandaudreymedianetwork/55177905037/,CC BY-NC 4.0,https://creativecommons.org/licenses/by-nc/4.0/,none to source file; training preprocessing may resize and/or crop,Fresh Seafood Stew Served in Comodoro Rivadavia Chubut Featuring Vibrant Citrus Garnished Patagonian Cuisine,2026-09-20,c93c50f11a497324cf8cd6a7f096befe8f98d35ddff3ac311a3b072c47b76b37,approved-noncommercial-attribution-required
55187559470_0338037927_o.jpg,Samuel and Audrey Media Network,https://www.flickr.com/photos/samuelandaudreymedianetwork/55187559470/,CC BY-NC 4.0,https://creativecommons.org/licenses/by-nc/4.0/,none to source file; training preprocessing may resize and/or crop,"Breakfast Spread with Spreading Knife in El Chaltén, Santa Cruz, Argentine Patagonia Province",2026-09-20,e7e428a3ebc1006b658eafab7d6e9a004195f075846b1077308b211a19c1bbb6,approved-noncommercial-attribution-required
55222116982_05ba219534_o.jpg,Iker Merodio,https://www.flickr.com/photos/ikermerodio/55222116982/,CC BY 4.0,https://creativecommons.org/licenses/by/4.0/,none to source file; training preprocessing may resize and/or crop,Naï Naï Restaurant in Bordeaux,2026-09-18,3d8df07f2046884b50cff41d69e6e73d85dabdfcdb611c4638e818ae2991e6b6,approved-attribution-required
5598524642_f14fdeb80b_o.jpg,Anubhav Sethi,https://www.flickr.com/photos/anubhavsethi/5598524642/,CC BY-NC 2.0,https://creativecommons.org/licenses/by-nc/2.0/,none to source file; training preprocessing may resize and/or crop,Summer Air,2026-09-18,d372cf351445b8d9e4fd1eaa7ebc21d1a6ad53a16c0b6a516eecca4e13318bf2,approved-noncommercial-attribution-required
6262027700_11886d49c2_o.jpg,Mark Kenny,https://www.flickr.com/photos/markkenny/6262027700/,CC BY-NC-SA 2.0,https://creativecommons.org/licenses/by-nc-sa/2.0/,none to source file; training preprocessing may resize and/or crop,Red Velvet and White Chocolate Cake,2026-09-18,e55acc82ec06e5c56ce92047eb090eb1e574868b8c1d5cb5bf47bd1625977511,approved-noncommercial-sharealike
6598764327_e9a861da60_o.jpg,Emily,https://www.flickr.com/photos/ebarney/6598764327/,CC BY-NC 2.0,https://creativecommons.org/licenses/by-nc/2.0/,none to source file; training preprocessing may resize and/or crop,Egg Yolks,2026-09-18,b0e970671c425e2a736a4cae9786146e2c4666ede21c5334c55a732f67922fb7,approved-noncommercial-attribution-required
6797333313_0122b75d31_o.jpg,Larry Hoffman,https://www.flickr.com/photos/dinesarasota/6797333313/,CC BY 2.0,https://creativecommons.org/licenses/by/2.0/,none to source file; training preprocessing may resize and/or crop,Bruchetta Pomodoro and Agnolotti,2026-09-20,bf5ed8b90ced0e8bd6187208f60eed08b8a1d9ecfd633eb20bd8b7e1072e0b5d,approved-attribution-required
7539155852_9b477f161d_o.jpg,ChrisGoldNY,https://www.flickr.com/photos/chrisgold/7539155852/,CC BY-NC 2.0,https://creativecommons.org/licenses/by-nc/2.0/,none to source file; training preprocessing may resize and/or crop,Passionfruit Smoothie at Tropical 2 - Sunnyside Queens,2026-09-20,b0c62069906a83c5d5afafbce1a4dd8805009b9f171d583396d0225c4282942a,approved-noncommercial-attribution-required
861660764_ba70757e7f_o.jpg,Jonathan Lundqvist,https://www.flickr.com/photos/jturn/861660764/,CC BY 2.0,https://creativecommons.org/licenses/by/2.0/,none to source file; training preprocessing may resize and/or crop,At the dinner table,2026-09-20,11fa29be3914f9a0206c1c02b37581a585cd6bdda5131c8ad7598fffb487759a,approved-attribution-required
8648053726_28b9fa0649_o.jpg,Ippei Suzuki,https://www.flickr.com/photos/is_kyoto_jp/8648053726/,CC BY 2.0,https://creativecommons.org/licenses/by/2.0/,none to source file; training preprocessing may resize and/or crop,Chocolate Cake,2026-09-18,46160cfce2476fc93aa8f576c543e0d0836fc9435e8618616de0d55578197600,approved-attribution-required
9884293004_ffbb0488d4_o.jpg,Migle,https://www.flickr.com/photos/69668444@N03/9884293004/,CC BY-SA 2.0,https://creativecommons.org/licenses/by-sa/2.0/,none to source file; distributed adaptations must retain the same license,Cascara Tea,2026-09-18,a7ed4a7f8008ad0589de7ba096be391db1efe52b761374217e6f9e00f5748987,conditional-sharealike
food-1494235611kDr.jpg,CC0 Community,https://www.publicdomainpictures.net/en/view-image.php?image=212698&picture=dessert-cake,CC0 1.0,https://creativecommons.org/publicdomain/zero/1.0/,none to source file; training preprocessing may resize and/or crop,Dessert Cake,2026-09-20,3ae8e32da420c503cffce657497795ad237277e2768f657a8548ca9d53eb3fcd,approved-no-attribution-required
KT's Wedding 13-0178.jpg,Owner-provided (creator not recorded),,Owner-provided; authorized for this project,,none to source file; training preprocessing may resize and/or crop,KT's Wedding 13-0178,2026-09-20,f31d777f411125f3775f13a57037a3719919fcdde5b30f95a1580de551a5bb50,approved-owner-authorized
