contact_sheet_id,filename,caption_source
02,105527607_618a976de7_o.jpg,grok
08,16976422189_eb49c9db10_o.jpg,grok
14,24488285392_d1c8715e9d_o.jpg,grok
19,3650601116_a3eaa0459d_o.jpg,grok
21,3983575454_6f39abff2b_o.jpg,grok
25,4663091455_b5734eb0bf_o.jpg,codex
28,4847805597_fbb7b3f01f_o.jpg,custom
29,48821253626_a10bc5a6a9_o.jpg,grok
33,5289545184_1c5e9c8ee4_o.jpg,custom
35,53284561304_55ec6aa107_o.jpg,grok
36,54537455538_31bc7d135b_o.jpg,grok
37,54633970245_12d10d3c4d_o.jpg,grok
38,55155000552_724f3bd663_o.jpg,grok
39,55159005620_e333256054_o.jpg,grok
40,55159852771_8e3a71e863_o.jpg,codex
41,55177905037_091326d4c4_o.jpg,custom
44,5598524642_f14fdeb80b_o.jpg,custom
45,6262027700_11886d49c2_o.jpg,grok
47,6797333313_0122b75d31_o.jpg,custom
50,8648053726_28b9fa0649_o.jpg,grok
53,food-1494235611kDr.jpg,grok
54,KT's Wedding 13-0178.jpg,grok
55,PXL_20250718_052316657.MP.jpg,grok
56,PXL_20250816_201312842.MP.jpg,custom
